<?xml version="1.0"?>
<config>
	<menu>
		<auction module="auction">
			<title>Auction</title>
			<sort_order>70</sort_order>               
			<children>
				<productauction module="auction">
					<title>Manage Auctions</title>
					<sort_order>0</sort_order>
					<action>adminhtml/auction_productauction</action>
				</productauction>					
				<transactionauction module="auction">
					<title>Manage Transactions</title>
					<sort_order>1</sort_order>
					<action>adminhtml/auction_transaction</action>
				</transactionauction>
				<setting module="auction">
					<title>Settings</title>
					<sort_order>2</sort_order>
					<action>adminhtml/system_config/edit/section/auction</action>
				</setting>
			</children>
		</auction>
	</menu>
	<acl>
		<resources>
			<all>
				<title>Allow Everything</title>
			</all>
			<admin>
				<children>
					<auction module="auction">
						<title>Auction</title>
						<sort_order>70</sort_order>               
						<children>
							<productauction module="auction">
								<title>Manage Auctions</title>
								<sort_order>0</sort_order>
								<action>adminhtml/auction_productauction</action>
							</productauction>					
							<transactionauction module="auction">
								<title>Manage Transactions</title>
								<sort_order>1</sort_order>
								<action>adminhtml/auction_transaction</action>
							</transactionauction>
							<setting module="auction">
								<title>Settings</title>
								<sort_order>2</sort_order>
								<action>adminhtml/system_config/edit/section/auction</action>
							</setting>
						</children>
					</auction>					
				</children>
			</admin>
		</resources>
	</acl>
	<acl>
		<resources>
			<all>
				<title>Allow Everything</title>
			</all>
			<admin>
				<children>
					<system>
						<children>
							<config>
								<children>
									<auction translate="title">
										<title>Auction</title>
										<sort_order>50</sort_order>
									</auction>									
								</children>
							</config>
						</children>
					</system>
				</children>
			</admin>
		</resources>
	</acl>			
	<layout>
		<updates>
			<auction>
				<file>auction.xml</file>
			</auction>
		</updates>
	</layout>
</config>