<?xml version="1.0"?>
<!--
/**
 * Magegiant
 * 
 * NOTICE OF LICENSE
 * 
 * This source file is subject to the magegiant.com license that is
 * available through the world-wide-web at this URL:
 * http://magegiant.com/license-agreement/
 * 
 * DISCLAIMER
 * 
 * Do not edit or add to this file if you wish to upgrade this extension to newer
 * version in the future.
 * 
 * @category    Magegiant
 * @package     Magegiant_LiveLogin
 * @copyright   Copyright (c) 2014 Magegiant (http://magegiant.com/)
 * @license     http://magegiant.com/license-agreement/
 */
-->
<config>
    <sections>
        <sociallogin translate="label" module="gglogin">
            <groups>
                <live translate="label">
                    <label>Live Login</label>
                    <frontend_type>text</frontend_type>
                    <sort_order>60</sort_order>
                    <show_in_default>1</show_in_default>
                    <show_in_website>1</show_in_website>
                    <show_in_store>1</show_in_store>
                    <fields>
                        <enable translate="label">
                            <label>Enable</label>
                            <frontend_type>select</frontend_type>
                            <source_model>adminhtml/system_config_source_yesno</source_model>
                            <sort_order>1</sort_order>
                            <show_in_default>1</show_in_default>
                            <show_in_website>1</show_in_website>
                            <show_in_store>1</show_in_store>
                        </enable>
                        <consumer_key translate="label">
                            <label>Client ID</label>
                            <frontend_type>text</frontend_type>
                            <sort_order>5</sort_order>
                            <show_in_default>1</show_in_default>
                            <show_in_website>1</show_in_website>
                            <show_in_store>1</show_in_store>
                            <comment><![CDATA[<a href="http://msdn.microsoft.com/en-us/live//default.aspx" target="_bank">Register</a>]]></comment>
                        </consumer_key>
                        <consumer_secret translate="label">
                            <label>Client Secret</label>
                            <frontend_type>text</frontend_type>
                            <sort_order>10</sort_order>
                            <show_in_default>1</show_in_default>
                            <show_in_website>1</show_in_website>
                            <show_in_store>1</show_in_store>
                            <comment></comment>
                        </consumer_secret>
                        <redirect_url translate="label comment">
                            <label>Callback URL</label>
                            <frontend_type>text</frontend_type>
                            <frontend_model>sociallogin/adminhtml_system_config_form_field_redirectUrl</frontend_model>
                            <sort_order>15</sort_order>
                            <show_in_default>1</show_in_default>
                            <show_in_website>1</show_in_website>
                            <show_in_store>1</show_in_store>
                            <comment></comment>
                        </redirect_url>
                        <is_send_password_to_customer translate="label">
                            <label>Send password</label>
                            <frontend_type>select</frontend_type>
                            <source_model>adminhtml/system_config_source_yesno</source_model>
                            <sort_order>5</sort_order>
                            <show_in_default>1</show_in_default>
                            <show_in_website>1</show_in_website>
                            <show_in_store>1</show_in_store>
                            <comment>Send new password to customer</comment>
                        </is_send_password_to_customer>
                        <live_image translate="label">
                            <label>Button Image</label>
                            <frontend_type>image</frontend_type>
                            <backend_model>adminhtml/system_config_backend_image</backend_model>
                            <upload_dir config="system/filesystem/media" scope_info="1">sociallogin/img</upload_dir>
                            <base_url type="media" scope_info="1">sociallogin/img</base_url>
                            <sort_order>30</sort_order>
                            <show_in_default>1</show_in_default>
                            <show_in_website>1</show_in_website>
                            <show_in_store>1</show_in_store>
                        </live_image>
                        <live_image_label translate="label">
                            <label>Button image label</label>
                            <frontend_type>text</frontend_type>
                            <sort_order>31</sort_order>
                            <show_in_default>1</show_in_default>
                            <show_in_website>1</show_in_website>
                            <show_in_store>1</show_in_store>
                        </live_image_label>
                        <sort_order translate="label">
                            <label>Position number</label>
                            <frontend_type>text</frontend_type>
                            <sort_order>40</sort_order>
                            <show_in_default>1</show_in_default>
                            <show_in_website>1</show_in_website>
                            <show_in_store>1</show_in_store>
                        </sort_order>
                    </fields>
                </live>
            </groups>
        </sociallogin>
    </sections>
</config>