<?xml version="1.0"?>
<config>

    <tabs>
        <kartparadigm_giftcard translate="label">
            <label>Kartparadigm GiftCard</label>
            <sort_order>150</sort_order>
        </kartparadigm_giftcard>
    </tabs>
    <sections>
        <giftcard translate="label" module="kartparadigm_giftcard">
            <label>Giftcard</label>
            <tab>kartparadigm_giftcard</tab>
            <sort_order>10</sort_order>
            <show_in_default>1</show_in_default>
            <show_in_website>1</show_in_website>
            <show_in_store>1</show_in_store>
	<groups>
                <giftcard translate="label comment">
                    <label>Giftcard Settings</label>
                    <sort_order>51</sort_order>
                    <show_in_default>1</show_in_default>
                    <show_in_website>1</show_in_website>
                    <show_in_store>1</show_in_store>
                   
                    <fields>
                    <enabled translate="label">
                            <label>Enable Module  </label>
                            <frontend_type>select</frontend_type>
                            <sort_order>9</sort_order>
                            <show_in_default>1</show_in_default>
                            <show_in_website>1</show_in_website>
                            <show_in_store>1</show_in_store>
                            <source_model>adminhtml/system_config_source_yesno</source_model>
                        </enabled>
                        <txt_clength translate="label comment">
                            <label>Code length</label>
                            <comment>Text field with store view scope.</comment>
                            <frontend_type>text</frontend_type>
			    <validate>required-entry</validate>
                            <sort_order>10</sort_order>
                            <show_in_default>1</show_in_default>
                            <show_in_website>1</show_in_website>
                            <show_in_store>1</show_in_store>
                        </txt_clength>
                        <txt_dashafter translate="label comment">
                            <label>Dash After Every 'X' Chars</label>
                            <comment>Text field with store view scope.</comment>
                            <frontend_type>text</frontend_type>
			       <validate>required-entry</validate>
                            <sort_order>11</sort_order>
                            <show_in_default>1</show_in_default>
                            <show_in_website>1</show_in_website>
                            <show_in_store>1</show_in_store>
 			    <comment><![CDATA[Ex : 3 means code should be QWE-ERT-TYU-RTY]]></comment>
                        </txt_dashafter>
		<giftcard_sender_email translate="label">
                            <label>Email Sender</label>
                            <frontend_type>select</frontend_type>
                            <source_model>adminhtml/system_config_source_email_identity</source_model>
                            <sort_order>20</sort_order>
                            <show_in_default>1</show_in_default>
                            <show_in_website>1</show_in_website>
                            <show_in_store>1</show_in_store>
                        </giftcard_sender_email>
  			<txt_expiry translate="label comment">
                            <label>Giftcard Validity</label>
                            <comment>Text field with store view scope.</comment>
                            <frontend_type>text</frontend_type>
                            <sort_order>12</sort_order>
			       <validate>required-entry</validate>
                            <show_in_default>1</show_in_default>
                            <show_in_website>1</show_in_website>
                            <show_in_store>1</show_in_store>
 			    <comment><![CDATA[Ex : 60 means 60 days after giftcard purchase]]></comment>
                        </txt_expiry>
			<customamt_select translate="label">
                            <label>Show Partial Amout Redeem Option </label>
                            <comment>Enable Custom Amount Redeeming Text Box In Giftcard Block</comment>
                            <frontend_type>select</frontend_type>
                            <sort_order>90</sort_order>
                            <show_in_default>1</show_in_default>
                            <show_in_website>1</show_in_website>
                            <show_in_store>1</show_in_store>
                            <source_model>adminhtml/system_config_source_yesno</source_model>
                        </customamt_select>
			<othersbuy_select translate="label">
                            <label>Allow Guest To Redeem Giftcard  </label>
                            <comment>Yes allows other customers also redeeming giftcard</comment>
                            <frontend_type>select</frontend_type>
                            <sort_order>90</sort_order>
                            <show_in_default>1</show_in_default>
                            <show_in_website>1</show_in_website>
                            <show_in_store>1</show_in_store>
                            <source_model>adminhtml/system_config_source_yesno</source_model>
                        </othersbuy_select>
			<giftcardbuy_select translate="label">
                            <label>Allow Giftcard Code To Buy Another Giftcard  </label>
                            <comment>Yes allows buying giftcards with giftcard codes</comment>
                            <frontend_type>select</frontend_type>
                            <sort_order>90</sort_order>
                            <show_in_default>1</show_in_default>
                            <show_in_website>1</show_in_website>
                            <show_in_store>1</show_in_store>
                            <source_model>adminhtml/system_config_source_yesno</source_model>
                        </giftcardbuy_select>
			<suborgrand_select translate="label">
                            <label>Apply Giftcard To GrandTotal </label>
                            <comment>'Yes' will deduct from GrandTotal 'No' will deduct from SubTotal</comment>
                            <frontend_type>select</frontend_type>
                            <sort_order>90</sort_order>
                            <show_in_default>1</show_in_default>
                            <show_in_website>1</show_in_website>
                            <show_in_store>1</show_in_store>
                            <source_model>adminhtml/system_config_source_yesno</source_model>
                        </suborgrand_select>
			 <custom_email_template1 translate="label">
                            <label>Gift Card Email Template To Customer</label>
                            <frontend_type>select</frontend_type>
                            <source_model>adminhtml/system_config_source_email_template</source_model>
                            <sort_order>40</sort_order>
                            <show_in_default>1</show_in_default>
                            <show_in_website>1</show_in_website>
                            <show_in_store>1</show_in_store>
                        </custom_email_template1>
                        <admin_giftcard_template translate="label">
                            <label>Gift Card Email Template Send By Admin</label>
                            <frontend_type>select</frontend_type>
                            <source_model>adminhtml/system_config_source_email_template</source_model>
                            <sort_order>50</sort_order>
                            <show_in_default>1</show_in_default>
                            <show_in_website>1</show_in_website>
                            <show_in_store>1</show_in_store>
                        </admin_giftcard_template>
                           
               </fields>
                </giftcard>
            </groups>
        </giftcard>
         <payment>
            <groups>
                <kartparadigm_giftcard translate="label" module="kartparadigm_giftcard">
                    <label>Gift Card Payment</label>
                    <frontend_type>text</frontend_type>
                    <sort_order>1</sort_order>
                    <show_in_default>1</show_in_default>
                    <show_in_website>1</show_in_website>
                    <show_in_store>1</show_in_store>
                    <fields>
                        <order_status translate="label">
                            <label>New order status</label>
                            <frontend_type>select</frontend_type>
                            <source_model>adminhtml/system_config_source_order_status</source_model>
                            <sort_order>10</sort_order>
                            <show_in_default>1</show_in_default>
                            <show_in_website>1</show_in_website>
                            <show_in_store>0</show_in_store>
                        </order_status>
                   
                        <title translate="label">
                            <label>Title</label>
                            <frontend_type>text</frontend_type>
                            <sort_order>20</sort_order>
                            <show_in_default>1</show_in_default>
                            <show_in_website>1</show_in_website>
                            <show_in_store>1</show_in_store>
                        </title>
                        <comments translate="label">
                            <label>Comments</label>
                            <frontend_type>textarea</frontend_type>
                            <sort_order>30</sort_order>
                            <show_in_default>1</show_in_default>
                            <show_in_website>1</show_in_website>
                            <show_in_store>1</show_in_store>
                        </comments>
                    </fields>
                </kartparadigm_giftcard>
            </groups>
        </payment>
    </sections>
</config>
