<?xml version="1.0"?>
<!--
/**
 * @author Amasty Team
 * @copyright Copyright (c) 2016 Amasty (https://www.amasty.com)
 * @package Amasty_Rules
 */
-->
<config>
        <translate>
            <modules>
                <Amasty_Rules>
                    <files>
                        <default>Amasty_Rules.csv</default>
                    </files>
                </Amasty_Rules>
            </modules>
        </translate>
        <acl>
            <resources>
                <all>
                    <title>Allow Everything</title>
                </all>
                <admin>
                    <children>
                        <system>
                            <children>
                                <config>
                                    <children>
                                        <amrules translate="title" module="amrules">
                                            <title>Loyalty Program</title>
                                        </amrules>
                                    </children>
                                </config>
                            </children>
                        </system> 
                     </children>
                </admin> 
            </resources>
        </acl>
</config>