<?xml version="1.0"?>
<!--
/**
 * @category   MagePsycho
 * @package    MagePsycho_Zopimlivechat
 * @author     info@magepsycho.com
 * @website    http://www.magepsycho.com
 * @license    http://opensource.org/licenses/osl-3.0.php  Open Software License (OSL 3.0)
 */
 -->
<config>
    <acl>
		<resources>
			<admin>
				<children>
					<system>
						<children>
							<config>
								<children>
									<magepychoinfo>
										<title>MagePsycho - Information</title>
									</magepychoinfo>
									<zopimlivechat>
										<title>Zopim Live Chat Section</title>
									</zopimlivechat>
								</children>
							</config>
						</children>
					</system>
				</children>
			</admin>
		</resources>
	</acl>
</config>