<?xml version="1.0"?>
<!--
/**
 * @category   MagePsycho
 * @package    MagePsycho_Zopimlivechat
 * @author     info@magepsycho.com
 * @website    http://www.magepsycho.com
 * @license    http://opensource.org/licenses/osl-3.0.php  Open Software License (OSL 3.0)
 */
 -->
<config>
    <tabs>
        <magepychoall translate="label" module="zopimlivechat">
            <label>MagePsycho Extensions</label>
            <sort_order>400</sort_order>
        </magepychoall>
    </tabs>
    <sections>
        <magepychoinfo translate="label" module="zopimlivechat">
			<label>Info</label>
			<tab>magepychoall</tab>
			<frontend_type>text</frontend_type>
			<sort_order>99999999999</sort_order>
			<show_in_default>1</show_in_default>
			<show_in_website>1</show_in_website>
			<show_in_store>1</show_in_store>
			<groups>
                <info>
                    <frontend_model>zopimlivechat/system_config_info</frontend_model>
                    <sort_order>10</sort_order>
                    <show_in_default>1</show_in_default>
                    <show_in_website>1</show_in_website>
                    <show_in_store>1</show_in_store>
                </info>
			</groups>
		</magepychoinfo>

        <zopimlivechat module="zopimlivechat">
            <label>Zopim Live Chat</label>
            <tab>magepychoall</tab>
            <frontend_type>text</frontend_type>
            <sort_order>1000</sort_order>
            <show_in_default>1</show_in_default>
            <show_in_website>1</show_in_website>
            <show_in_store>1</show_in_store>
            <groups>
                <option translate="label">
                    <label>General Settings</label>
                    <frontend_type>text</frontend_type>
                    <sort_order>10</sort_order>
                    <show_in_default>1</show_in_default>
                    <show_in_website>1</show_in_website>
                    <show_in_store>1</show_in_store>
                    <fields>
						<info>
                            <frontend_model>zopimlivechat/system_config_zopimlivechat_info</frontend_model>
                            <sort_order>0</sort_order>
                            <show_in_default>1</show_in_default>
                            <show_in_website>1</show_in_website>
                            <show_in_store>1</show_in_store>
                        </info>
                        <active translate="label">
                            <label>Enabled</label>
                            <frontend_type>select</frontend_type>
                            <source_model>adminhtml/system_config_source_yesno</source_model>
                            <sort_order>10</sort_order>
                            <show_in_default>1</show_in_default>
                            <show_in_website>1</show_in_website>
                            <show_in_store>1</show_in_store>
                        </active>
						<widget_code>
							<label>Chat Widget Code</label>
                            <frontend_type>textarea</frontend_type>
                            <sort_order>20</sort_order>
                            <show_in_default>1</show_in_default>
                            <show_in_website>1</show_in_website>
                            <show_in_store>1</show_in_store>
							<comment><![CDATA[Please paste the widget code obtained from Zopim Dashboard.<br />In order to <strong>Sign up with Zopim</strong> and <strong>Grab the Widget Code</strong> follow this article:<br />
							<a href="http://www.blog.magepsycho.com/integrating-zopim-live-chat-in-your-magento-store/" target="_blank">Integrating Zopim Live Chat in your Magento Store</a>]]></comment>
						</widget_code>
                    </fields>
                </option>
            </groups>
        </zopimlivechat>
    </sections>
</config>